816916480,aaaaaaaq
258106369,aaaaaafb
519057412,aaaaaabl
738468097,aaaaaajg
647858186,aaaaaaex
279308812,aaaaaaad
577275169,aaaaaahn
268718095,aaaaaahu
164327952,aaaaaaeu
586762840,aaaaaafo
599284245,aaaaaaca
707366422,aaaaaagz
521545752,aaaaaahe
196049946,aaaaaaei
480406044,aaaaaaik
429826593,aaaaaahf
227273762,aaaaaagx
175261219,aaaaaahk
812015140,aaaaaadf
793936287,aaaaaajb
796944424,aaaaaadx
974402601,aaaaaafs
25237546,aaaaaafl
93672491,aaaaaaff
23314099,aaaaaacb
526757429,aaaaaadk
1202743,aaaaaaia
154599480,aaaaaabg
842945593,aaaaaain
430188604,aaaaaabd
531151370,aaaaaafm
150730739,aaaaaagv
260362592,aaaaaahh
437650500,aaaaaaib
967184453,aaaaaabw
550634054,aaaaaabu
214868039,aaaaaaga
667740745,aaaaaadc
408748622,aaaaaael
484365904,aaaaaacv
95064334,aaaaaagq
444520534,aaaaaajl
175610968,aaaaaabe
60057689,aaaaaaes
61554780,aaaaaace
374628957,aaaaaaae
535362655,aaaaaajn
625128546,aaaaaaij
272537188,aaaaaabj
171909933,aaaaaahr
466034279,aaaaaabt
322806376,aaaaaaci
832314739,aaaaaagm
602335340,aaaaaadu
688306797,aaaaaadp
968638063,aaaaaadv
309166705,aaaaaaiy
287218803,aaaaaaao
769794676,aaaaaadj
530316361,aaaaaabi
211439736,aaaaaaev
426351225,aaaaaact
737065407,aaaaaadr
636981372,aaaaaadz
281102974,aaaaaafy
124576609,aaaaaajo
885482113,aaaaaabb
363251356,aaaaaajp
947062918,aaaaaabp
686704775,aaaaaait
437893769,aaaaaafk
172385931,aaaaaaas
348306572,aaaaaada
690718349,aaaaaahc
209957283,aaaaaagi
477757073,aaaaaaai
26391186,aaaaaagj
944217795,aaaaaaix
593649813,aaaaaagg
735915670,aaaaaaag
966036119,aaaaaajf
537750170,aaaaaacc
274457459,aaaaaaii
186951324,aaaaaacx
808440005,aaaaaahb
282865313,aaaaaacz
240021668,aaaaaaap
185165477,aaaaaagy
461175464,aaaaaaat
793510172,aaaaaaew
218749610,aaaaaabf
5886637,aaaaaacl
770795182,aaaaaaak
200361136,aaaaaagd
911078067,aaaaaaaa
174618804,aaaaaafz
341552831,aaaaaado
811474625,aaaaaaaw
4516547,aaaaaabo
630103158,aaaaaaem
547756743,aaaaaabm
902481646,aaaaaaiq
63115469,aaaaaacn
134037198,aaaaaahp
742564559,aaaaaaah
314741690,aaaaaail
288840917,aaaaaabz
465371351,aaaaaafn
449545944,aaaaaaec
844829402,aaaaaadw
101343451,aaaaaaav
721811749,aaaaaags
291281123,aaaaaafp
425242340,aaaaaafq
518602981,aaaaaagc
597149926,aaaaaaal
324777703,aaaaaacy
589809897,aaaaaaih
838404843,aaaaaahy
669287661,aaaaaaco
518350062,aaaaaafg
294308079,aaaaaade
25507056,aaaaaajj
819766515,aaaaaaeg
138357631,aaaaaaez
611983102,aaaaaacj
450855323,aaaaaaht
792497720,aaaaaacg
412569353,aaaaaaio
499614989,aaaaaabk
83682574,aaaaaabs
467336975,aaaaaaax
378864916,aaaaaaiu
112148247,aaaaaacm
686424345,aaaaaabc
992669980,aaaaaaaf
524238755,aaaaaafx
696314672,aaaaaahd
623355682,aaaaaafe
93358214,aaaaaadm
811705137,aaaaaaim
559813419,aaaaaaiz
821326125,aaaaaaft
279960879,aaaaaaan
265940272,aaaaaafw
516930865,aaaaaaay
746368819,aaaaaafr
564204343,aaaaaaar
433279288,aaaaaaej
596472633,aaaaaabv
45975354,aaaaaais
323943740,aaaaaahi
519271229,aaaaaaeh
912157502,aaaaaahg
514842433,aaaaaago
864572231,aaaaaadn
650105160,aaaaaaef
8549193,aaaaaaiw
247879498,aaaaaair
471650635,aaaaaagb
623905103,aaaaaaeq
222329493,aaaaaaie
139672913,aaaaaabn
585045332,aaaaaaer
968288597,aaaaaadi
867444054,aaaaaach
540433465,aaaaaaip
469001562,aaaaaafa
133123422,aaaaaafd
539280613,aaaaaajk
993188704,aaaaaagu
388905825,aaaaaacp
225770338,aaaaaadd
976735347,aaaaaahl
796155265,aaaaaaey
27164476,aaaaaahw
420004716,aaaaaahj
110280179,aaaaaagr
62001603,aaaaaajd
345319997,aaaaaajm
794516336,aaaaaadl
837332289,aaaaaahm
960669043,aaaaaadb
943385977,aaaaaahz
9738106,aaaaaagk
896368499,aaaaaabr
161036671,aaaaaabx
962728833,aaaaaabq
417456534,aaaaaahq
341760903,aaaaaaac
248273801,aaaaaadt
863730058,aaaaaacd
721095051,aaaaaahs
139509644,aaaaaaab
330818445,aaaaaafu
922841998,aaaaaaaj
558845327,aaaaaaid
178382226,aaaaaagf
380554643,aaaaaadq
988964245,aaaaaaho
961386390,aaaaaaha
862623128,aaaaaahx
583076250,aaaaaagw
772752111,aaaaaacr
453975109,aaaaaaea
599692193,aaaaaacu
603979171,aaaaaaba
668966470,aaaaaaji
16611752,aaaaaack
174584476,aaaaaafv
332842355,aaaaaafi
813480879,aaaaaaiv
433357744,aaaaaaee
139427249,aaaaaajc
959831986,aaaaaage
491804595,aaaaaacq
277553550,aaaaaaeb
818608713,aaaaaacf
309921210,aaaaaaeo
858214331,aaaaaaic
505142716,aaaaaafj
244302782,aaaaaadg
810067391,aaaaaacw
335297472,aaaaaady
28593483,aaaaaaja
648483969,aaaaaahv
390792138,aaaaaaet
888324043,aaaaaaau
228020172,aaaaaagt
757625805,aaaaaajh
805766094,aaaaaaby
34696658,aaaaaadh
965252003,aaaaaaek
650683790,aaaaaagl
195122768,aaaaaaam
511421179,aaaaaafh
488535524,aaaaaabh
663095702,aaaaaaje
89445866,aaaaaaed
936425451,aaaaaacs
601569179,aaaaaafc
50343406,aaaaaagn
743297733,aaaaaaif
154908328,aaaaaaep
983720947,aaaaaads
203795904,aaaaaagp
685785590,aaaaaaaz
658281040,aaaaaagh
510200148,aaaaaaig
12280661,aaaaaaen
